Workbook

Sheet Mode d'emploi
A2: MODE D'EMPLOI - GRILLE D'AUDIT IT HOTELIER
A4: 1. Objectif
A5: Ce fichier permet d'auditer l'infrastructure IT d'un établissement hôtelier (gouvernance, réseau, paiement, PMS, données clients, sécurité physique, continuité d'activité).
A7: 2. Utilisation
A8: - Chaque domaine dispose de son propre onglet (ex : '2 Réseau', '5 Paiement'...). Pour chaque point de contrôle, choisir un Statut (Conforme / Partiel / Non conforme / N/A) et un Niveau de risque (Critique / Élevé / Moyen / Faible) via les listes déroulantes.
A9: - Documenter la colonne 'Constat / Preuve' (ce qui a été observé, y compris la méthode technique utilisée quand la question le demande) et 'Recommandation' (action à mener).
A10: - Renseigner 'Responsable' et 'Échéance' pour le suivi des actions correctives.
A12: 3. Calcul automatique
A13: - L'onglet 'Tableau de bord' calcule automatiquement le taux de conformité par domaine et au global, à partir des statuts saisis dans chaque onglet.
A14: - Aucune colonne de score n'est à remplir manuellement : tout se met à jour automatiquement.
A16: 4. Onglets
A17: - Un onglet par domaine (9 domaines, 85 points de contrôle au total).
... A38: Version 1.1 - Juillet 2026 - Licence CC BY-SA 4.0 - Citadel IT Solutions

Sheet Tableau de bord
B2: TABLEAU DE BORD - AUDIT IT HOTELIER
A3: Établissement :
A4: Date de l'audit :
A5: Auditeur :
A6: Version 1.1 - Juillet 2026 - Citadel IT Solutions - Licence CC BY-SA 4.0
A8: Domaine | B8: Score obtenu | C8: Score max | D8: Taux de conformité
A9: Gouvernance & Politique de sécurité | B9: =SUM('1 Gouvernance'!$F$2:$F$9) -> 0 | C9: =SUM('1 Gouvernance'!$G$2:$G$9) -> 16 | D9: =IF(C9=0,"N/A",B9/C9) -> 0
A10: Réseau & Infrastructure | B10: =SUM('2 Réseau'!$F$2:$F$18) -> 0 | C10: =SUM('2 Réseau'!$G$2:$G$18) -> 34 | D10: =IF(C10=0,"N/A",B10/C10) -> 0
A11: Protection des postes, serveurs & supervision | B11: =SUM('3 Protection'!$F$2:$F$7) -> 0 | C11: =SUM('3 Protection'!$G$2:$G$7) -> 12 | D11: =IF(C11=0,"N/A",B11/C11) -> 0
A12: Gestion des accès | B12: =SUM('4 Accès'!$F$2:$F$9) -> 0 | C12: =SUM('4 Accès'!$G$2:$G$9) -> 16 | D12: =IF(C12=0,"N/A",B12/C12) -> 0
A13: Paiement & Terminaux | B13: =SUM('5 Paiement'!$F$2:$F$12) -> 0 | C13: =SUM('5 Paiement'!$G$2:$G$12) -> 22 | D13: =IF(C13=0,"N/A",B13/C13) -> 0
A14: PMS & Applications métier | B14: =SUM('6 PMS'!$F$2:$F$11) -> 0 | C14: =SUM('6 PMS'!$G$2:$G$11) -> 20 | D14: =IF(C14=0,"N/A",B14/C14) -> 0
A15: Données clients & Confidentialité | B15: =SUM('7 Données'!$F$2:$F$9) -> 0 | C15: =SUM('7 Données'!$G$2:$G$9) -> 16 | D15: =IF(C15=0,"N/A",B15/C15) -> 0
A16: Sécurité physique & Organisationnelle | B16: =SUM('8 Physique'!$F$2:$F$12) -> 0 | C16: =SUM('8 Physique'!$G$2:$G$12) -> 22 | D16: =IF(C16=0,"N/A",B16/C16) -> 0
A17: Continuité d'activité & Sauvegardes | B17: =SUM('9 Continuité'!$F$2:$F$7) -> 0 | C17: =SUM('9 Continuité'!$G$2:$G$7) -> 12 | D17: =IF(C17=0,"N/A",B17/C17) -> 0
A18: TOTAL GENERAL | B18: =SUM(B9:B17) -> 0 | C18: =SUM(C9:C17) -> 170 | D18: =IF(C18=0,"N/A",B18/C18) -> 0
A21: Méthode de calcul
A22: - Score obtenu = Poids du risque (Critique=4, Élevé=3, Moyen=2, Faible=1) x Multiplicateur du statut
A23: - Multiplicateur : Conforme=1, Partiel=0.5, Non conforme=0, N/A=exclu du calcul
A24: - Taux de conformité = Score obtenu / Score max, par domaine et au total
A25: - Chaque domaine dispose de son propre onglet — modifier les statuts et niveaux de risque directement dedans (colonnes D et E)

Sheet Reference
A1: Risque | B1: Poids | D1: Statut | E1: Multiplicateur
A2: Critique | B2: 4 | D2: Conforme | E2: 1
A3: Élevé | B3: 3 | D3: Partiel | E3: 0.5
A4: Moyen | B4: 2 | D4: Non conforme | E4: 0
A5: Faible | B5: 1 | D5: N/A | E5: 0

Sheet 1 Gouvernance
A1: N° | B1: Sous-domaine | C1: Point de contrôle | D1: Statut | E1: Niveau de risque | F1: Score obtenu | G1: Score max | H1: Constat / Preuve | I1: Recommandation | J1: Responsable | K1: Échéance
A2: 1 | B2: Politiques | C2: Une politique de sécurité de l'information formalisée existe et est approuvée par la direction | D2: Non conforme | E2: Moyen | F2: =IF(D2="N/A",0,INDEX(Reference!$B$2:$B$5,MATCH(E2,Reference!$A$2:$A$5,0))*INDEX(Reference!$E$2:$E$5,MATCH(D2,Reference!$D$2:$D$5,0))) -> 0 | G2: =IF(D2="N/A",0,INDEX(Reference!$B$2:$B$5,MATCH(E2,Reference!$A$2:$A$5,0))) -> 2
A3: 2 | B3: Politiques | C3: Une politique de classification de l'information existe (définit quelles données sont sensibles et comment les traiter) | D3: Non conforme | E3: Moyen | F3: =IF(D3="N/A",0,INDEX(Reference!$B$2:$B$5,MATCH(E3,Reference!$A$2:$A$5,0))*INDEX(Reference!$E$2:$E$5,MATCH(D3,Reference!$D$2:$D$5,0))) -> 0 | G3: =IF(D3="N/A",0,INDEX(Reference!$B$2:$B$5,MATCH(E3,Reference!$A$2:$A$5,0))) -> 2
A4: 3 | B4: Politiques | C4: Une politique de gestion des accès existe (définit qui attribue les accès, qui valide, sur quels critères) | D4: Non conforme | E4: Moyen | F4: =IF(D4="N/A",0,INDEX(Reference!$B$2:$B$5,MATCH(E4,Reference!$A$2:$A$5,0))*INDEX(Reference!$E$2:$E$5,MATCH(D4,Reference!$D$2:$D$5,0))) -> 0 | G4: =IF(D4="N/A",0,INDEX(Reference!$B$2:$B$5,MATCH(E4,Reference!$A$2:$A$5,0))) -> 2
A5: 4 | B5: Politiques | C5: Une politique de mots de passe existe et est communiquée aux employés | D5: Non conforme | E5: Moyen | F5: =IF(D5="N/A",0,INDEX(Reference!$B$2:$B$5,MATCH(E5,Reference!$A$2:$A$5,0))*INDEX(Reference!$E$2:$E$5,MATCH(D5,Reference!$D$2:$D$5,0))) -> 0 | G5: =IF(D5="N/A",0,INDEX(Reference!$B$2:$B$5,MATCH(E5,Reference!$A$2:$A$5,0))) -> 2
A6: 5 | B6: Politiques | C6: Une politique de gestion des visiteurs existe (accompagnement, registre, accès limité dans le temps) | D6: Non conforme | E6: Moyen | F6: =IF(D6="N/A",0,INDEX(Reference!$B$2:$B$5,MATCH(E6,Reference!$A$2:$A$5,0))*INDEX(Reference!$E$2:$E$5,MATCH(D6,Reference!$D$2:$D$5,0))) -> 0 | G6: =IF(D6="N/A",0,INDEX(Reference!$B$2:$B$5,MATCH(E6,Reference!$A$2:$A$5,0))) -> 2
A7: 6 | B7: Politiques | C7: Une politique de gestion des clés et badges d'accès physique existe (registre des détenteurs, procédure de demande) | D7: Non conforme | E7: Moyen | F7: =IF(D7="N/A",0,INDEX(Reference!$B$2:$B$5,MATCH(E7,Reference!$A$2:$A$5,0))*INDEX(Reference!$E$2:$E$5,MATCH(D7,Reference!$D$2:$D$5,0))) -> 0 | G7: =IF(D7="N/A",0,INDEX(Reference!$B$2:$B$5,MATCH(E7,Reference!$A$2:$A$5,0))) -> 2
A8: 7 | B8: Responsabilité | C8: Un responsable de la sécurité de l'information est identifié, même informellement et à temps partiel | D8: Non conforme | E8: Moyen | F8: =IF(D8="N/A",0,INDEX(Reference!$B$2:$B$5,MATCH(E8,Reference!$A$2:$A$5,0))*INDEX(Reference!$E$2:$E$5,MATCH(D8,Reference!$D$2:$D$5,0))) -> 0 | G8: =IF(D8="N/A",0,INDEX(Reference!$B$2:$B$5,MATCH(E8,Reference!$A$2:$A$5,0))) -> 2
A9: 8 | B9: Revue | C9: Ces politiques sont revues périodiquement (date de dernière revue connue et documentée) | D9: Non conforme | E9: Moyen | F9: =IF(D9="N/A",0,INDEX(Reference!$B$2:$B$5,MATCH(E9,Reference!$A$2:$A$5,0))*INDEX(Reference!$E$2:$E$5,MATCH(D9,Reference!$D$2:$D$5,0))) -> 0 | G9: =IF(D9="N/A",0,INDEX(Reference!$B$2:$B$5,MATCH(E9,Reference!$A$2:$A$5,0))) -> 2

Sheet 2 Réseau
A1: N° | B1: Sous-domaine | C1: Point de contrôle | D1: Statut | E1: Niveau de risque | F1: Score obtenu | G1: Score max | H1: Constat / Preuve | I1: Recommandation | J1: Responsable | K1: Échéance
A2: 1 | B2: Segmentation | C2: Le réseau invités (Wifi) est segmenté du réseau administratif et des serveurs (VLAN, pare-feu, routeur dédié ou séparation physique — préciser la méthode en Constat) | D2: Non conforme | E2: Moyen | F2: =IF(D2="N/A",0,INDEX(Reference!$B$2:$B$5,MATCH(E2,Reference!$A$2:$A$5,0))*INDEX(Reference!$E$2:$E$5,MATCH(D2,Reference!$D$2:$D$5,0))) -> 0 | G2: =IF(D2="N/A",0,INDEX(Reference!$B$2:$B$5,MATCH(E2,Reference!$A$2:$A$5,0))) -> 2
A3: 2 | B3: Segmentation | C3: Le réseau des TPE/paiement est isolé de tout autre trafic (méthode à préciser en Constat) | D3: Non conforme | E3: Moyen | F3: =IF(D3="N/A",0,INDEX(Reference!$B$2:$B$5,MATCH(E3,Reference!$A$2:$A$5,0))*INDEX(Reference!$E$2:$E$5,MATCH(D3,Reference!$D$2:$D$5,0))) -> 0 | G3: =IF(D3="N/A",0,INDEX(Reference!$B$2:$B$5,MATCH(E3,Reference!$A$2:$A$5,0))) -> 2
A4: 3 | B4: Segmentation | C4: Les caméras, la domotique et les objets connectés (IoT) sont isolés du reste du réseau (méthode à préciser en Constat) | D4: Non conforme | E4: Moyen | F4: =IF(D4="N/A",0,INDEX(Reference!$B$2:$B$5,MATCH(E4,Reference!$A$2:$A$5,0))*INDEX(Reference!$E$2:$E$5,MATCH(D4,Reference!$D$2:$D$5,0))) -> 0 | G4: =IF(D4="N/A",0,INDEX(Reference!$B$2:$B$5,MATCH(E4,Reference!$A$2:$A$5,0))) -> 2
A5: 4 | B5: Segmentation | C5: Des règles de filtrage "tout est bloqué par défaut, sauf autorisation explicite" sont appliquées entre les segments réseau | D5: Non conforme | E5: Moyen | F5: =IF(D5="N/A",0,INDEX(Reference!$B$2:$B$5,MATCH(E5,Reference!$A$2:$A$5,0))*INDEX(Reference!$E$2:$E$5,MATCH(D5,Reference!$D$2:$D$5,0))) -> 0 | G5: =IF(D5="N/A",0,INDEX(Reference!$B$2:$B$5,MATCH(E5,Reference!$A$2:$A$5,0))) -> 2
A6: 5 | B6: Wifi | C6: Le réseau Wifi est chiffré avec un protocole à jour, non obsolète (préciser en Constat : WPA2, WPA3, ou autre) | D6: Non conforme | E6: Moyen | F6: =IF(D6="N/A",0,INDEX(Reference!$B$2:$B$5,MATCH(E6,Reference!$A$2:$A$5,0))*INDEX(Reference!$E$2:$E$5,MATCH(D6,Reference!$D$2:$D$5,0))) -> 0 | G6: =IF(D6="N/A",0,INDEX(Reference!$B$2:$B$5,MATCH(E6,Reference!$A$2:$A$5,0))) -> 2
A7: 6 | B7: Wifi | C7: Les mots de passe Wifi sont changés régulièrement | D7: Non conforme | E7: Moyen | F7: =IF(D7="N/A",0,INDEX(Reference!$B$2:$B$5,MATCH(E7,Reference!$A$2:$A$5,0))*INDEX(Reference!$E$2:$E$5,MATCH(D7,Reference!$D$2:$D$5,0))) -> 0 | G7: =IF(D7="N/A",0,INDEX(Reference!$B$2:$B$5,MATCH(E7,Reference!$A$2:$A$5,0))) -> 2
A8: 7 | B8: Wifi | C8: Portail captif avec isolation client-à-client (AP isolation) activée | D8: Non conforme | E8: Moyen | F8: =IF(D8="N/A",0,INDEX(Reference!$B$2:$B$5,MATCH(E8,Reference!$A$2:$A$5,0))*INDEX(Reference!$E$2:$E$5,MATCH(D8,Reference!$D$2:$D$5,0))) -> 0 | G8: =IF(D8="N/A",0,INDEX(Reference!$B$2:$B$5,MATCH(E8,Reference!$A$2:$A$5,0))) -> 2
A9: 8 | B9: Wifi | C9: Le réseau Wifi staff/administratif utilise une authentification individuelle (802.1X ou équivalent) plutôt qu'un mot de passe partagé | D9: Non conforme | E9: Moyen | F9: =IF(D9="N/A",0,INDEX(Reference!$B$2:$B$5,MATCH(E9,Reference!$A$2:$A$5,0))*INDEX(Reference!$E$2:$E$5,MATCH(D9,Reference!$D$2:$D$5,0))) -> 0 | G9: =IF(D9="N/A",0,INDEX(Reference!$B$2:$B$5,MATCH(E9,Reference!$A$2:$A$5,0))) -> 2
A10: 9 | B10: Accès distant | C10: Un accès distant sécurisé (VPN ou équivalent) est requis pour toute administration à distance pas d'accès direct exposé (type RDP) sur Internet | D10: Non conforme | E10: Moyen | F10: =IF(D10="N/A",0,INDEX(Reference!$B$2:$B$5,MATCH(E10,Reference!$A$2:$A$5,0))*INDEX(Reference!$E$2:$E$5,MATCH(D10,Reference!$D$2:$D$5,0))) -> 0 | G10: =IF(D10="N/A",0,INDEX(Reference!$B$2:$B$5,MATCH(E10,Reference!$A$2:$A$5,0))) -> 2
A11: 10 | B11: Accès distant | C11: Authentification à deux facteurs sur les accès distants/admin | D11: Non conforme | E11: Moyen | F11: =IF(D11="N/A",0,INDEX(Reference!$B$2:$B$5,MATCH(E11,Reference!$A$2:$A$5,0))*INDEX(Reference!$E$2:$E$5,MATCH(D11,Reference!$D$2:$D$5,0))) -> 0 | G11: =IF(D11="N/A",0,INDEX(Reference!$B$2:$B$5,MATCH(E11,Reference!$A$2:$A$5,0))) -> 2
A12: 11 | B12: Équipements | C12: Firmware des routeurs/switches/points d'accès à jour | D12: Non conforme | E12: Moyen | F12: =IF(D12="N/A",0,INDEX(Reference!$B$2:$B$5,MATCH(E12,Reference!$A$2:$A$5,0))*INDEX(Reference!$E$2:$E$5,MATCH(D12,Reference!$D$2:$D$5,0))) -> 0 | G12: =IF(D12="N/A",0,INDEX(Reference!$B$2:$B$5,MATCH(E12,Reference!$A$2:$A$5,0))) -> 2
A13: 12 | B13: Équipements | C13: Mots de passe par défaut changés sur tous les équipements réseau | D13: Non conforme | E13: Moyen | F13: =IF(D13="N/A",0,INDEX(Reference!$B$2:$B$5,MATCH(E13,Reference!$A$2:$A$5,0))*INDEX(Reference!$E$2:$E$5,MATCH(D13,Reference!$D$2:$D$5,0))) -> 0 | G13: =IF(D13="N/A",0,INDEX(Reference!$B$2:$B$5,MATCH(E13,Reference!$A$2:$A$5,0))) -> 2
... A18: 17 | B18: Vérification active | C18: Téléphones IP et imprimantes réseau rattachés à un segment dédié, distinct du segment administratif | D18: Non conforme | E18: Moyen | F18: =IF(D18="N/A",0,INDEX(Reference!$B$2:$B$5,MATCH(E18,Reference!$A$2:$A$5,0))*INDEX(Reference!$E$2:$E$5,MATCH(D18,Reference!$D$2:$D$5,0))) -> 0 | G18: =IF(D18="N/A",0,INDEX(Reference!$B$2:$B$5,MATCH(E18,Reference!$A$2:$A$5,0))) -> 2

Sheet 3 Protection
A1: N° | B1: Sous-domaine | C1: Point de contrôle | D1: Statut | E1: Niveau de risque | F1: Score obtenu | G1: Score max | H1: Constat / Preuve | I1: Recommandation | J1: Responsable | K1: Échéance
A2: 1 | B2: Protection endpoint | C2: Antivirus/EDR déployé sur l'ensemble des postes de travail | D2: Non conforme | E2: Moyen | F2: =IF(D2="N/A",0,INDEX(Reference!$B$2:$B$5,MATCH(E2,Reference!$A$2:$A$5,0))*INDEX(Reference!$E$2:$E$5,MATCH(D2,Reference!$D$2:$D$5,0))) -> 0 | G2: =IF(D2="N/A",0,INDEX(Reference!$B$2:$B$5,MATCH(E2,Reference!$A$2:$A$5,0))) -> 2
A3: 2 | B3: Protection serveurs | C3: Protection dédiée aux serveurs (EDR serveur), distincte d'un antivirus poste classique | D3: Non conforme | E3: Moyen | F3: =IF(D3="N/A",0,INDEX(Reference!$B$2:$B$5,MATCH(E3,Reference!$A$2:$A$5,0))*INDEX(Reference!$E$2:$E$5,MATCH(D3,Reference!$D$2:$D$5,0))) -> 0 | G3: =IF(D3="N/A",0,INDEX(Reference!$B$2:$B$5,MATCH(E3,Reference!$A$2:$A$5,0))) -> 2
A4: 3 | B4: Exposition | C4: Serveurs critiques (PMS, base de données) non exposés directement à Internet | D4: Non conforme | E4: Moyen | F4: =IF(D4="N/A",0,INDEX(Reference!$B$2:$B$5,MATCH(E4,Reference!$A$2:$A$5,0))*INDEX(Reference!$E$2:$E$5,MATCH(D4,Reference!$D$2:$D$5,0))) -> 0 | G4: =IF(D4="N/A",0,INDEX(Reference!$B$2:$B$5,MATCH(E4,Reference!$A$2:$A$5,0))) -> 2
A5: 4 | B5: Filtrage | C5: Filtrage web / proxy en place pour encadrer les accès Internet sortants | D5: Non conforme | E5: Moyen | F5: =IF(D5="N/A",0,INDEX(Reference!$B$2:$B$5,MATCH(E5,Reference!$A$2:$A$5,0))*INDEX(Reference!$E$2:$E$5,MATCH(D5,Reference!$D$2:$D$5,0))) -> 0 | G5: =IF(D5="N/A",0,INDEX(Reference!$B$2:$B$5,MATCH(E5,Reference!$A$2:$A$5,0))) -> 2
A6: 5 | B6: Supervision | C6: Outil de supervision permettant de détecter la panne d'un équipement ou service critique | D6: Non conforme | E6: Moyen | F6: =IF(D6="N/A",0,INDEX(Reference!$B$2:$B$5,MATCH(E6,Reference!$A$2:$A$5,0))*INDEX(Reference!$E$2:$E$5,MATCH(D6,Reference!$D$2:$D$5,0))) -> 0 | G6: =IF(D6="N/A",0,INDEX(Reference!$B$2:$B$5,MATCH(E6,Reference!$A$2:$A$5,0))) -> 2
A7: 6 | B7: Supervision | C7: Alertes de supervision reçues et traitées par une personne identifiée | D7: Non conforme | E7: Moyen | F7: =IF(D7="N/A",0,INDEX(Reference!$B$2:$B$5,MATCH(E7,Reference!$A$2:$A$5,0))*INDEX(Reference!$E$2:$E$5,MATCH(D7,Reference!$D$2:$D$5,0))) -> 0 | G7: =IF(D7="N/A",0,INDEX(Reference!$B$2:$B$5,MATCH(E7,Reference!$A$2:$A$5,0))) -> 2

Sheet 4 Accès
A1: N° | B1: Sous-domaine | C1: Point de contrôle | D1: Statut | E1: Niveau de risque | F1: Score obtenu | G1: Score max | H1: Constat / Preuve | I1: Recommandation | J1: Responsable | K1: Échéance
A2: 1 | B2: Changements | C2: Procédure de gestion des changements documentée (qui valide une modification réseau/système) | D2: Non conforme | E2: Moyen | F2: =IF(D2="N/A",0,INDEX(Reference!$B$2:$B$5,MATCH(E2,Reference!$A$2:$A$5,0))*INDEX(Reference!$E$2:$E$5,MATCH(D2,Reference!$D$2:$D$5,0))) -> 0 | G2: =IF(D2="N/A",0,INDEX(Reference!$B$2:$B$5,MATCH(E2,Reference!$A$2:$A$5,0))) -> 2
A3: 2 | B3: Documentation | C3: Schéma d'infrastructure réseau formalisé, daté, et mis à jour à chaque changement majeur | D3: Non conforme | E3: Moyen | F3: =IF(D3="N/A",0,INDEX(Reference!$B$2:$B$5,MATCH(E3,Reference!$A$2:$A$5,0))*INDEX(Reference!$E$2:$E$5,MATCH(D3,Reference!$D$2:$D$5,0))) -> 0 | G3: =IF(D3="N/A",0,INDEX(Reference!$B$2:$B$5,MATCH(E3,Reference!$A$2:$A$5,0))) -> 2
A4: 3 | B4: Attribution | C4: Toute attribution d'accès (PMS, Wifi admin, VPN...) est tracée via une fiche ou un ticket, avec la personne qui l'a validée | D4: Non conforme | E4: Moyen | F4: =IF(D4="N/A",0,INDEX(Reference!$B$2:$B$5,MATCH(E4,Reference!$A$2:$A$5,0))*INDEX(Reference!$E$2:$E$5,MATCH(D4,Reference!$D$2:$D$5,0))) -> 0 | G4: =IF(D4="N/A",0,INDEX(Reference!$B$2:$B$5,MATCH(E4,Reference!$A$2:$A$5,0))) -> 2
A5: 4 | B5: Départs | C5: Procédure formelle de notification à l'IT lors du départ d'un employé (désactivation des accès sous délai défini) | D5: Non conforme | E5: Moyen | F5: =IF(D5="N/A",0,INDEX(Reference!$B$2:$B$5,MATCH(E5,Reference!$A$2:$A$5,0))*INDEX(Reference!$E$2:$E$5,MATCH(D5,Reference!$D$2:$D$5,0))) -> 0 | G5: =IF(D5="N/A",0,INDEX(Reference!$B$2:$B$5,MATCH(E5,Reference!$A$2:$A$5,0))) -> 2
A6: 5 | B6: Traçabilité | C6: Journal ou traçabilité permettant de savoir qui a attribué quel accès et quand | D6: Non conforme | E6: Moyen | F6: =IF(D6="N/A",0,INDEX(Reference!$B$2:$B$5,MATCH(E6,Reference!$A$2:$A$5,0))*INDEX(Reference!$E$2:$E$5,MATCH(D6,Reference!$D$2:$D$5,0))) -> 0 | G6: =IF(D6="N/A",0,INDEX(Reference!$B$2:$B$5,MATCH(E6,Reference!$A$2:$A$5,0))) -> 2
A7: 6 | B7: Comptes | C7: Comptes PMS et POS (restauration/bar) nominatifs, non partagés entre employés | D7: Non conforme | E7: Moyen | F7: =IF(D7="N/A",0,INDEX(Reference!$B$2:$B$5,MATCH(E7,Reference!$A$2:$A$5,0))*INDEX(Reference!$E$2:$E$5,MATCH(D7,Reference!$D$2:$D$5,0))) -> 0 | G7: =IF(D7="N/A",0,INDEX(Reference!$B$2:$B$5,MATCH(E7,Reference!$A$2:$A$5,0))) -> 2
A8: 7 | B8: Typologie | C8: Les types d'accès (physique, logique sur site, distant) sont distingués, avec une règle définie pour chacun | D8: Non conforme | E8: Moyen | F8: =IF(D8="N/A",0,INDEX(Reference!$B$2:$B$5,MATCH(E8,Reference!$A$2:$A$5,0))*INDEX(Reference!$E$2:$E$5,MATCH(D8,Reference!$D$2:$D$5,0))) -> 0 | G8: =IF(D8="N/A",0,INDEX(Reference!$B$2:$B$5,MATCH(E8,Reference!$A$2:$A$5,0))) -> 2
A9: 8 | B9: Visiteurs | C9: Les visiteurs sont accompagnés et enregistrés lors de leur passage dans les zones techniques | D9: Non conforme | E9: Moyen | F9: =IF(D9="N/A",0,INDEX(Reference!$B$2:$B$5,MATCH(E9,Reference!$A$2:$A$5,0))*INDEX(Reference!$E$2:$E$5,MATCH(D9,Reference!$D$2:$D$5,0))) -> 0 | G9: =IF(D9="N/A",0,INDEX(Reference!$B$2:$B$5,MATCH(E9,Reference!$A$2:$A$5,0))) -> 2

Sheet 5 Paiement
A1: N° | B1: Sous-domaine | C1: Point de contrôle | D1: Statut | E1: Niveau de risque | F1: Score obtenu | G1: Score max | H1: Constat / Preuve | I1: Recommandation | J1: Responsable | K1: Échéance
A2: 1 | B2: TPE | C2: Terminaux de paiement isolés du reste du réseau (VLAN, pare-feu ou réseau physique dédié préciser en Constat) | D2: Non conforme | E2: Moyen | F2: =IF(D2="N/A",0,INDEX(Reference!$B$2:$B$5,MATCH(E2,Reference!$A$2:$A$5,0))*INDEX(Reference!$E$2:$E$5,MATCH(D2,Reference!$D$2:$D$5,0))) -> 0 | G2: =IF(D2="N/A",0,INDEX(Reference!$B$2:$B$5,MATCH(E2,Reference!$A$2:$A$5,0))) -> 2
A3: 2 | B3: TPE | C3: Connexion TPE chiffrée via liaison opérateur bancaire sécurisée | D3: Non conforme | E3: Moyen | F3: =IF(D3="N/A",0,INDEX(Reference!$B$2:$B$5,MATCH(E3,Reference!$A$2:$A$5,0))*INDEX(Reference!$E$2:$E$5,MATCH(D3,Reference!$D$2:$D$5,0))) -> 0 | G3: =IF(D3="N/A",0,INDEX(Reference!$B$2:$B$5,MATCH(E3,Reference!$A$2:$A$5,0))) -> 2
A4: 3 | B4: PCI-DSS | C4: Niveau de conformité PCI-DSS identifié (SAQ applicable connu) | D4: Non conforme | E4: Moyen | F4: =IF(D4="N/A",0,INDEX(Reference!$B$2:$B$5,MATCH(E4,Reference!$A$2:$A$5,0))*INDEX(Reference!$E$2:$E$5,MATCH(D4,Reference!$D$2:$D$5,0))) -> 0 | G4: =IF(D4="N/A",0,INDEX(Reference!$B$2:$B$5,MATCH(E4,Reference!$A$2:$A$5,0))) -> 2
A5: 4 | B5: PCI-DSS | C5: Aucune donnée de carte (PAN complet) stockée sur les systèmes internes | D5: Non conforme | E5: Moyen | F5: =IF(D5="N/A",0,INDEX(Reference!$B$2:$B$5,MATCH(E5,Reference!$A$2:$A$5,0))*INDEX(Reference!$E$2:$E$5,MATCH(D5,Reference!$D$2:$D$5,0))) -> 0 | G5: =IF(D5="N/A",0,INDEX(Reference!$B$2:$B$5,MATCH(E5,Reference!$A$2:$A$5,0))) -> 2
A6: 5 | B6: VCC | C6: Processus de réception des VCC (Virtual Credit Card) documenté et sécurisé | D6: Non conforme | E6: Moyen | F6: =IF(D6="N/A",0,INDEX(Reference!$B$2:$B$5,MATCH(E6,Reference!$A$2:$A$5,0))*INDEX(Reference!$E$2:$E$5,MATCH(D6,Reference!$D$2:$D$5,0))) -> 0 | G6: =IF(D6="N/A",0,INDEX(Reference!$B$2:$B$5,MATCH(E6,Reference!$A$2:$A$5,0))) -> 2
A7: 6 | B7: VCC | C7: Accès aux VCC limité au personnel autorisé (compta / réception senior) | D7: Non conforme | E7: Moyen | F7: =IF(D7="N/A",0,INDEX(Reference!$B$2:$B$5,MATCH(E7,Reference!$A$2:$A$5,0))*INDEX(Reference!$E$2:$E$5,MATCH(D7,Reference!$D$2:$D$5,0))) -> 0 | G7: =IF(D7="N/A",0,INDEX(Reference!$B$2:$B$5,MATCH(E7,Reference!$A$2:$A$5,0))) -> 2
A8: 7 | B8: VCC | C8: Suppression ou archivage sécurisé des VCC après traitement | D8: Non conforme | E8: Moyen | F8: =IF(D8="N/A",0,INDEX(Reference!$B$2:$B$5,MATCH(E8,Reference!$A$2:$A$5,0))*INDEX(Reference!$E$2:$E$5,MATCH(D8,Reference!$D$2:$D$5,0))) -> 0 | G8: =IF(D8="N/A",0,INDEX(Reference!$B$2:$B$5,MATCH(E8,Reference!$A$2:$A$5,0))) -> 2
A9: 8 | B9: Guichet bancaire | C9: Guichet/ATM isolé du reste du réseau si présent (méthode à préciser en Constat) | D9: Non conforme | E9: Moyen | F9: =IF(D9="N/A",0,INDEX(Reference!$B$2:$B$5,MATCH(E9,Reference!$A$2:$A$5,0))*INDEX(Reference!$E$2:$E$5,MATCH(D9,Reference!$D$2:$D$5,0))) -> 0 | G9: =IF(D9="N/A",0,INDEX(Reference!$B$2:$B$5,MATCH(E9,Reference!$A$2:$A$5,0))) -> 2
A10: 9 | B10: Guichet bancaire | C10: Accès physique au guichet contrôlé et supervisé | D10: Non conforme | E10: Moyen | F10: =IF(D10="N/A",0,INDEX(Reference!$B$2:$B$5,MATCH(E10,Reference!$A$2:$A$5,0))*INDEX(Reference!$E$2:$E$5,MATCH(D10,Reference!$D$2:$D$5,0))) -> 0 | G10: =IF(D10="N/A",0,INDEX(Reference!$B$2:$B$5,MATCH(E10,Reference!$A$2:$A$5,0))) -> 2
A11: 10 | B11: Contrats | C11: Convention VAD / e-commerce avec la banque partenaire à jour | D11: Non conforme | E11: Moyen | F11: =IF(D11="N/A",0,INDEX(Reference!$B$2:$B$5,MATCH(E11,Reference!$A$2:$A$5,0))*INDEX(Reference!$E$2:$E$5,MATCH(D11,Reference!$D$2:$D$5,0))) -> 0 | G11: =IF(D11="N/A",0,INDEX(Reference!$B$2:$B$5,MATCH(E11,Reference!$A$2:$A$5,0))) -> 2
A12: 11 | B12: Contrôle | C12: Rapprochement régulier des transactions TPE avec la comptabilité | D12: Non conforme | E12: Moyen | F12: =IF(D12="N/A",0,INDEX(Reference!$B$2:$B$5,MATCH(E12,Reference!$A$2:$A$5,0))*INDEX(Reference!$E$2:$E$5,MATCH(D12,Reference!$D$2:$D$5,0))) -> 0 | G12: =IF(D12="N/A",0,INDEX(Reference!$B$2:$B$5,MATCH(E12,Reference!$A$2:$A$5,0))) -> 2

Sheet 6 PMS
A1: N° | B1: Sous-domaine | C1: Point de contrôle | D1: Statut | E1: Niveau de risque | F1: Score obtenu | G1: Score max | H1: Constat / Preuve | I1: Recommandation | J1: Responsable | K1: Échéance
A2: 1 | B2: Comptes | C2: Gestion des rôles utilisateurs par fonction (réception/compta/direction) | D2: Non conforme | E2: Moyen | F2: =IF(D2="N/A",0,INDEX(Reference!$B$2:$B$5,MATCH(E2,Reference!$A$2:$A$5,0))*INDEX(Reference!$E$2:$E$5,MATCH(D2,Reference!$D$2:$D$5,0))) -> 0 | G2: =IF(D2="N/A",0,INDEX(Reference!$B$2:$B$5,MATCH(E2,Reference!$A$2:$A$5,0))) -> 2
A3: 2 | B3: Comptes | C3: Aucun compte partagé ou générique utilisé au quotidien | D3: Non conforme | E3: Moyen | F3: =IF(D3="N/A",0,INDEX(Reference!$B$2:$B$5,MATCH(E3,Reference!$A$2:$A$5,0))*INDEX(Reference!$E$2:$E$5,MATCH(D3,Reference!$D$2:$D$5,0))) -> 0 | G3: =IF(D3="N/A",0,INDEX(Reference!$B$2:$B$5,MATCH(E3,Reference!$A$2:$A$5,0))) -> 2
A4: 3 | B4: Comptes | C4: Désactivation immédiate des comptes des employés partis | D4: Non conforme | E4: Moyen | F4: =IF(D4="N/A",0,INDEX(Reference!$B$2:$B$5,MATCH(E4,Reference!$A$2:$A$5,0))*INDEX(Reference!$E$2:$E$5,MATCH(D4,Reference!$D$2:$D$5,0))) -> 0 | G4: =IF(D4="N/A",0,INDEX(Reference!$B$2:$B$5,MATCH(E4,Reference!$A$2:$A$5,0))) -> 2
A5: 4 | B5: Mots de passe | C5: Politique de mots de passe robuste appliquée sur le PMS | D5: Non conforme | E5: Moyen | F5: =IF(D5="N/A",0,INDEX(Reference!$B$2:$B$5,MATCH(E5,Reference!$A$2:$A$5,0))*INDEX(Reference!$E$2:$E$5,MATCH(D5,Reference!$D$2:$D$5,0))) -> 0 | G5: =IF(D5="N/A",0,INDEX(Reference!$B$2:$B$5,MATCH(E5,Reference!$A$2:$A$5,0))) -> 2
A6: 5 | B6: Mises à jour | C6: PMS et applications tierces maintenus à jour | D6: Non conforme | E6: Moyen | F6: =IF(D6="N/A",0,INDEX(Reference!$B$2:$B$5,MATCH(E6,Reference!$A$2:$A$5,0))*INDEX(Reference!$E$2:$E$5,MATCH(D6,Reference!$D$2:$D$5,0))) -> 0 | G6: =IF(D6="N/A",0,INDEX(Reference!$B$2:$B$5,MATCH(E6,Reference!$A$2:$A$5,0))) -> 2
A7: 6 | B7: Sauvegardes | C7: Sauvegarde quotidienne automatisée du PMS et de la base de données | D7: Non conforme | E7: Moyen | F7: =IF(D7="N/A",0,INDEX(Reference!$B$2:$B$5,MATCH(E7,Reference!$A$2:$A$5,0))*INDEX(Reference!$E$2:$E$5,MATCH(D7,Reference!$D$2:$D$5,0))) -> 0 | G7: =IF(D7="N/A",0,INDEX(Reference!$B$2:$B$5,MATCH(E7,Reference!$A$2:$A$5,0))) -> 2
A8: 7 | B8: Sauvegardes | C8: Test de restauration effectué au moins une fois par an | D8: Non conforme | E8: Moyen | F8: =IF(D8="N/A",0,INDEX(Reference!$B$2:$B$5,MATCH(E8,Reference!$A$2:$A$5,0))*INDEX(Reference!$E$2:$E$5,MATCH(D8,Reference!$D$2:$D$5,0))) -> 0 | G8: =IF(D8="N/A",0,INDEX(Reference!$B$2:$B$5,MATCH(E8,Reference!$A$2:$A$5,0))) -> 2
A9: 8 | B9: Journalisation | C9: Logs d'accès et d'action conservés et consultables | D9: Non conforme | E9: Moyen | F9: =IF(D9="N/A",0,INDEX(Reference!$B$2:$B$5,MATCH(E9,Reference!$A$2:$A$5,0))*INDEX(Reference!$E$2:$E$5,MATCH(D9,Reference!$D$2:$D$5,0))) -> 0 | G9: =IF(D9="N/A",0,INDEX(Reference!$B$2:$B$5,MATCH(E9,Reference!$A$2:$A$5,0))) -> 2
A10: 9 | B10: Intégrations | C10: Connexions GDS/OTA/channel manager sécurisées (API/clé chiffrée) | D10: Non conforme | E10: Moyen | F10: =IF(D10="N/A",0,INDEX(Reference!$B$2:$B$5,MATCH(E10,Reference!$A$2:$A$5,0))*INDEX(Reference!$E$2:$E$5,MATCH(D10,Reference!$D$2:$D$5,0))) -> 0 | G10: =IF(D10="N/A",0,INDEX(Reference!$B$2:$B$5,MATCH(E10,Reference!$A$2:$A$5,0))) -> 2
A11: 10 | B11: Licences | C11: Licences logicielles à jour et conformes | D11: Non conforme | E11: Moyen | F11: =IF(D11="N/A",0,INDEX(Reference!$B$2:$B$5,MATCH(E11,Reference!$A$2:$A$5,0))*INDEX(Reference!$E$2:$E$5,MATCH(D11,Reference!$D$2:$D$5,0))) -> 0 | G11: =IF(D11="N/A",0,INDEX(Reference!$B$2:$B$5,MATCH(E11,Reference!$A$2:$A$5,0))) -> 2

Sheet 7 Données
A1: N° | B1: Sous-domaine | C1: Point de contrôle | D1: Statut | E1: Niveau de risque | F1: Score obtenu | G1: Score max | H1: Constat / Preuve | I1: Recommandation | J1: Responsable | K1: Échéance
A2: 1 | B2: Stockage | C2: Localisation des données clients (passeport, carte, séjour) identifiée | D2: Non conforme | E2: Moyen | F2: =IF(D2="N/A",0,INDEX(Reference!$B$2:$B$5,MATCH(E2,Reference!$A$2:$A$5,0))*INDEX(Reference!$E$2:$E$5,MATCH(D2,Reference!$D$2:$D$5,0))) -> 0 | G2: =IF(D2="N/A",0,INDEX(Reference!$B$2:$B$5,MATCH(E2,Reference!$A$2:$A$5,0))) -> 2
A3: 2 | B3: Chiffrement | C3: Données sensibles chiffrées au repos | D3: Non conforme | E3: Moyen | F3: =IF(D3="N/A",0,INDEX(Reference!$B$2:$B$5,MATCH(E3,Reference!$A$2:$A$5,0))*INDEX(Reference!$E$2:$E$5,MATCH(D3,Reference!$D$2:$D$5,0))) -> 0 | G3: =IF(D3="N/A",0,INDEX(Reference!$B$2:$B$5,MATCH(E3,Reference!$A$2:$A$5,0))) -> 2
A4: 3 | B4: Chiffrement | C4: Communications avec le PMS/API chiffrées en transit (HTTPS/TLS) | D4: Non conforme | E4: Moyen | F4: =IF(D4="N/A",0,INDEX(Reference!$B$2:$B$5,MATCH(E4,Reference!$A$2:$A$5,0))*INDEX(Reference!$E$2:$E$5,MATCH(D4,Reference!$D$2:$D$5,0))) -> 0 | G4: =IF(D4="N/A",0,INDEX(Reference!$B$2:$B$5,MATCH(E4,Reference!$A$2:$A$5,0))) -> 2
A5: 4 | B5: Rétention | C5: Politique de durée de conservation des données définie | D5: Non conforme | E5: Moyen | F5: =IF(D5="N/A",0,INDEX(Reference!$B$2:$B$5,MATCH(E5,Reference!$A$2:$A$5,0))*INDEX(Reference!$E$2:$E$5,MATCH(D5,Reference!$D$2:$D$5,0))) -> 0 | G5: =IF(D5="N/A",0,INDEX(Reference!$B$2:$B$5,MATCH(E5,Reference!$A$2:$A$5,0))) -> 2
A6: 5 | B6: Conformité | C6: Conformité à la loi locale sur la protection des données (APDP ou équivalent) | D6: Non conforme | E6: Moyen | F6: =IF(D6="N/A",0,INDEX(Reference!$B$2:$B$5,MATCH(E6,Reference!$A$2:$A$5,0))*INDEX(Reference!$E$2:$E$5,MATCH(D6,Reference!$D$2:$D$5,0))) -> 0 | G6: =IF(D6="N/A",0,INDEX(Reference!$B$2:$B$5,MATCH(E6,Reference!$A$2:$A$5,0))) -> 2
A7: 6 | B7: Accès | C7: Journal des accès aux dossiers clients sensibles | D7: Non conforme | E7: Moyen | F7: =IF(D7="N/A",0,INDEX(Reference!$B$2:$B$5,MATCH(E7,Reference!$A$2:$A$5,0))*INDEX(Reference!$E$2:$E$5,MATCH(D7,Reference!$D$2:$D$5,0))) -> 0 | G7: =IF(D7="N/A",0,INDEX(Reference!$B$2:$B$5,MATCH(E7,Reference!$A$2:$A$5,0))) -> 2
A8: 7 | B8: Partage | C8: Contrats avec prestataires tiers incluant clauses de confidentialité | D8: Non conforme | E8: Moyen | F8: =IF(D8="N/A",0,INDEX(Reference!$B$2:$B$5,MATCH(E8,Reference!$A$2:$A$5,0))*INDEX(Reference!$E$2:$E$5,MATCH(D8,Reference!$D$2:$D$5,0))) -> 0 | G8: =IF(D8="N/A",0,INDEX(Reference!$B$2:$B$5,MATCH(E8,Reference!$A$2:$A$5,0))) -> 2
A9: 8 | B9: Suppression | C9: Procédure de suppression des données à la demande du client | D9: Non conforme | E9: Moyen | F9: =IF(D9="N/A",0,INDEX(Reference!$B$2:$B$5,MATCH(E9,Reference!$A$2:$A$5,0))*INDEX(Reference!$E$2:$E$5,MATCH(D9,Reference!$D$2:$D$5,0))) -> 0 | G9: =IF(D9="N/A",0,INDEX(Reference!$B$2:$B$5,MATCH(E9,Reference!$A$2:$A$5,0))) -> 2

Sheet 8 Physique
A1: N° | B1: Sous-domaine | C1: Point de contrôle | D1: Statut | E1: Niveau de risque | F1: Score obtenu | G1: Score max | H1: Constat / Preuve | I1: Recommandation | J1: Responsable | K1: Échéance
A2: 1 | B2: Accès physique | C2: Salle serveur/réseau fermée à clé avec accès restreint | D2: Non conforme | E2: Moyen | F2: =IF(D2="N/A",0,INDEX(Reference!$B$2:$B$5,MATCH(E2,Reference!$A$2:$A$5,0))*INDEX(Reference!$E$2:$E$5,MATCH(D2,Reference!$D$2:$D$5,0))) -> 0 | G2: =IF(D2="N/A",0,INDEX(Reference!$B$2:$B$5,MATCH(E2,Reference!$A$2:$A$5,0))) -> 2
A3: 2 | B3: Accès physique | C3: Salle serveur/réseau sous vidéosurveillance | D3: Non conforme | E3: Moyen | F3: =IF(D3="N/A",0,INDEX(Reference!$B$2:$B$5,MATCH(E3,Reference!$A$2:$A$5,0))*INDEX(Reference!$E$2:$E$5,MATCH(D3,Reference!$D$2:$D$5,0))) -> 0 | G3: =IF(D3="N/A",0,INDEX(Reference!$B$2:$B$5,MATCH(E3,Reference!$A$2:$A$5,0))) -> 2
A4: 3 | B4: Accès physique | C4: Accès à la salle serveur par badge nominatif plutôt que par clé partagée | D4: Non conforme | E4: Moyen | F4: =IF(D4="N/A",0,INDEX(Reference!$B$2:$B$5,MATCH(E4,Reference!$A$2:$A$5,0))*INDEX(Reference!$E$2:$E$5,MATCH(D4,Reference!$D$2:$D$5,0))) -> 0 | G4: =IF(D4="N/A",0,INDEX(Reference!$B$2:$B$5,MATCH(E4,Reference!$A$2:$A$5,0))) -> 2
A5: 4 | B5: Gestion des clés | C5: Les clés d'accès physique sont gérées via un registre (qui détient quoi, depuis quand) | D5: Non conforme | E5: Moyen | F5: =IF(D5="N/A",0,INDEX(Reference!$B$2:$B$5,MATCH(E5,Reference!$A$2:$A$5,0))*INDEX(Reference!$E$2:$E$5,MATCH(D5,Reference!$D$2:$D$5,0))) -> 0 | G5: =IF(D5="N/A",0,INDEX(Reference!$B$2:$B$5,MATCH(E5,Reference!$A$2:$A$5,0))) -> 2
A6: 5 | B6: Accès physique | C6: Registre des accès à la salle technique | D6: Non conforme | E6: Moyen | F6: =IF(D6="N/A",0,INDEX(Reference!$B$2:$B$5,MATCH(E6,Reference!$A$2:$A$5,0))*INDEX(Reference!$E$2:$E$5,MATCH(D6,Reference!$D$2:$D$5,0))) -> 0 | G6: =IF(D6="N/A",0,INDEX(Reference!$B$2:$B$5,MATCH(E6,Reference!$A$2:$A$5,0))) -> 2
A7: 6 | B7: Postes | C7: Verrouillage automatique des sessions après inactivité | D7: Non conforme | E7: Moyen | F7: =IF(D7="N/A",0,INDEX(Reference!$B$2:$B$5,MATCH(E7,Reference!$A$2:$A$5,0))*INDEX(Reference!$E$2:$E$5,MATCH(D7,Reference!$D$2:$D$5,0))) -> 0 | G7: =IF(D7="N/A",0,INDEX(Reference!$B$2:$B$5,MATCH(E7,Reference!$A$2:$A$5,0))) -> 2
A8: 7 | B8: Sensibilisation | C8: Formation du personnel au phishing et à l'ingénierie sociale | D8: Non conforme | E8: Moyen | F8: =IF(D8="N/A",0,INDEX(Reference!$B$2:$B$5,MATCH(E8,Reference!$A$2:$A$5,0))*INDEX(Reference!$E$2:$E$5,MATCH(D8,Reference!$D$2:$D$5,0))) -> 0 | G8: =IF(D8="N/A",0,INDEX(Reference!$B$2:$B$5,MATCH(E8,Reference!$A$2:$A$5,0))) -> 2
A9: 8 | B9: Politique | C9: Charte informatique signée par les employés | D9: Non conforme | E9: Moyen | F9: =IF(D9="N/A",0,INDEX(Reference!$B$2:$B$5,MATCH(E9,Reference!$A$2:$A$5,0))*INDEX(Reference!$E$2:$E$5,MATCH(D9,Reference!$D$2:$D$5,0))) -> 0 | G9: =IF(D9="N/A",0,INDEX(Reference!$B$2:$B$5,MATCH(E9,Reference!$A$2:$A$5,0))) -> 2
A10: 9 | B10: Prestataires | C10: Accès des prestataires externes tracé et limité dans le temps | D10: Non conforme | E10: Moyen | F10: =IF(D10="N/A",0,INDEX(Reference!$B$2:$B$5,MATCH(E10,Reference!$A$2:$A$5,0))*INDEX(Reference!$E$2:$E$5,MATCH(D10,Reference!$D$2:$D$5,0))) -> 0 | G10: =IF(D10="N/A",0,INDEX(Reference!$B$2:$B$5,MATCH(E10,Reference!$A$2:$A$5,0))) -> 2
A11: 10 | B11: Équipements | C11: Inventaire à jour des équipements IT et de leurs responsables | D11: Non conforme | E11: Moyen | F11: =IF(D11="N/A",0,INDEX(Reference!$B$2:$B$5,MATCH(E11,Reference!$A$2:$A$5,0))*INDEX(Reference!$E$2:$E$5,MATCH(D11,Reference!$D$2:$D$5,0))) -> 0 | G11: =IF(D11="N/A",0,INDEX(Reference!$B$2:$B$5,MATCH(E11,Reference!$A$2:$A$5,0))) -> 2
A12: 11 | B12: Support | C12: Procédure claire de signalement d'incident de sécurité | D12: Non conforme | E12: Moyen | F12: =IF(D12="N/A",0,INDEX(Reference!$B$2:$B$5,MATCH(E12,Reference!$A$2:$A$5,0))*INDEX(Reference!$E$2:$E$5,MATCH(D12,Reference!$D$2:$D$5,0))) -> 0 | G12: =IF(D12="N/A",0,INDEX(Reference!$B$2:$B$5,MATCH(E12,Reference!$A$2:$A$5,0))) -> 2

Sheet 9 Continuité
A1: N° | B1: Sous-domaine | C1: Point de contrôle | D1: Statut | E1: Niveau de risque | F1: Score obtenu | G1: Score max | H1: Constat / Preuve | I1: Recommandation | J1: Responsable | K1: Échéance
A2: 1 | B2: Plan de continuité | C2: Procédure dégradée papier en cas de panne du PMS | D2: Non conforme | E2: Moyen | F2: =IF(D2="N/A",0,INDEX(Reference!$B$2:$B$5,MATCH(E2,Reference!$A$2:$A$5,0))*INDEX(Reference!$E$2:$E$5,MATCH(D2,Reference!$D$2:$D$5,0))) -> 0 | G2: =IF(D2="N/A",0,INDEX(Reference!$B$2:$B$5,MATCH(E2,Reference!$A$2:$A$5,0))) -> 2
A3: 2 | B3: Plan de continuité | C3: Alimentation électrique de secours pour équipements critiques (onduleurs) | D3: Non conforme | E3: Moyen | F3: =IF(D3="N/A",0,INDEX(Reference!$B$2:$B$5,MATCH(E3,Reference!$A$2:$A$5,0))*INDEX(Reference!$E$2:$E$5,MATCH(D3,Reference!$D$2:$D$5,0))) -> 0 | G3: =IF(D3="N/A",0,INDEX(Reference!$B$2:$B$5,MATCH(E3,Reference!$A$2:$A$5,0))) -> 2
A4: 3 | B4: Sauvegardes | C4: Copie de sauvegarde stockée hors site ou dans le cloud | D4: Non conforme | E4: Moyen | F4: =IF(D4="N/A",0,INDEX(Reference!$B$2:$B$5,MATCH(E4,Reference!$A$2:$A$5,0))*INDEX(Reference!$E$2:$E$5,MATCH(D4,Reference!$D$2:$D$5,0))) -> 0 | G4: =IF(D4="N/A",0,INDEX(Reference!$B$2:$B$5,MATCH(E4,Reference!$A$2:$A$5,0))) -> 2
A5: 4 | B5: Sauvegardes | C5: Chiffrement des sauvegardes | D5: Non conforme | E5: Moyen | F5: =IF(D5="N/A",0,INDEX(Reference!$B$2:$B$5,MATCH(E5,Reference!$A$2:$A$5,0))*INDEX(Reference!$E$2:$E$5,MATCH(D5,Reference!$D$2:$D$5,0))) -> 0 | G5: =IF(D5="N/A",0,INDEX(Reference!$B$2:$B$5,MATCH(E5,Reference!$A$2:$A$5,0))) -> 2
A6: 5 | B6: Reprise | C6: Temps de reprise (RTO) estimé et jugé acceptable | D6: Non conforme | E6: Moyen | F6: =IF(D6="N/A",0,INDEX(Reference!$B$2:$B$5,MATCH(E6,Reference!$A$2:$A$5,0))*INDEX(Reference!$E$2:$E$5,MATCH(D6,Reference!$D$2:$D$5,0))) -> 0 | G6: =IF(D6="N/A",0,INDEX(Reference!$B$2:$B$5,MATCH(E6,Reference!$A$2:$A$5,0))) -> 2
A7: 6 | B7: Test | C7: Exercice de simulation d'incident réalisé au moins une fois | D7: Non conforme | E7: Moyen | F7: =IF(D7="N/A",0,INDEX(Reference!$B$2:$B$5,MATCH(E7,Reference!$A$2:$A$5,0))*INDEX(Reference!$E$2:$E$5,MATCH(D7,Reference!$D$2:$D$5,0))) -> 0 | G7: =IF(D7="N/A",0,INDEX(Reference!$B$2:$B$5,MATCH(E7,Reference!$A$2:$A$5,0))) -> 2
